{"cameraMode":{"drawMode":0,"name":"Shaded","section":"Shading Mode"},"sceneLighting":true,"audioPlay":false,"sceneViewState":{"m_AlwaysRefresh":false,"showFog":true,"showSkybox":false,"showFlares":true,"showImageEffects":true,"showParticleSystems":true,"showVisualEffectGraphs":true,"m_FxEnabled":true},"in2DMode":false,"pivot":{"x":1.2128074169158936,"y":0.3279609680175781,"z":6.307216644287109},"rotation":{"x":-0.17262579500675202,"y":0.1585143655538559,"z":-0.028156742453575136,"w":-0.9717530608177185},"size":3.9524426460266115,"orthographic":false}